Index, Month, Rain_Zone, Year, Random Number, Fragment_Set,fragment, fragment, fragment, fragment, fragment, fragment, fragment, fragment, fragment, fragment, fragment, fragment, fragment, fragment, fragment, fragment, fragment, fragment, fragment, fragment, fragment, fragment, fragment, fragment, fragment, fragment, fragment, fragment, fragment, fragment, fragment
    1,    1,    1,    1,  0.015500,   10,   0.000,   0.008,   0.000,   0.000,   0.000,   0.003,   0.022,   0.000,   0.000,   0.000,   0.000,   0.000,   0.000,   0.000,   0.000,   0.000,   0.020,   0.092,   0.008,   0.369,   0.095,   0.296,   0.011,   0.000,   0.000,   0.053,   0.000,   0.017,   0.000,   0.003,   0.003
    2,    1,    2,    1,  0.274230,   10,   0.004,   0.191,   0.010,   0.004,   0.001,   0.001,   0.010,   0.042,   0.069,   0.033,   0.007,   0.004,   0.004,   0.003,   0.009,   0.004,   0.004,   0.020,   0.178,   0.103,   0.001,   0.000,   0.000,   0.000,   0.118,   0.038,   0.027,   0.046,   0.010,   0.010,   0.051
    3,    1,    3,    1,  0.990897,   10,   0.000,   0.000,   0.076,   0.000,   0.000,   0.000,   0.197,   0.135,   0.162,   0.015,   0.000,   0.000,   0.009,   0.000,   0.002,   0.013,   0.001,   0.000,   0.000,   0.000,   0.146,   0.081,   0.114,   0.005,   0.000,   0.000,   0.000,   0.000,   0.025,   0.019,   0.000
    4,    1,    4,    1,  0.002707,   10,   0.000,   0.050,   0.000,   0.110,   0.018,   0.000,   0.000,   0.136,   0.000,   0.000,   0.036,   0.112,   0.000,   0.000,   0.000,   0.250,   0.000,   0.000,   0.068,   0.000,   0.000,   0.017,   0.201,   0.000,   0.000,   0.000,   0.000,   0.000,   0.004,   0.000,   0.000
    5,    1,    5,    1,  0.140152,   10,   0.175,   0.126,   0.001,   0.006,   0.004,   0.013,   0.011,   0.002,   0.034,   0.024,   0.000,   0.029,   0.001,   0.024,   0.001,   0.037,   0.001,   0.096,   0.018,   0.014,   0.027,   0.000,   0.001,   0.002,   0.042,   0.092,   0.101,   0.002,   0.060,   0.019,   0.037
    6,    1,    6,    1,  0.556244,   10,   0.048,   0.001,   0.000,   0.009,   0.031,   0.114,   0.033,   0.037,   0.156,   0.098,   0.010,   0.008,   0.009,   0.001,   0.002,   0.001,   0.000,   0.023,   0.031,   0.024,   0.058,   0.081,   0.034,   0.014,   0.004,   0.028,   0.060,   0.048,   0.008,   0.027,   0.000
    7,    1,    7,    1,  0.382772,   10,   0.000,   0.120,   0.093,   0.013,   0.000,   0.000,   0.000,   0.000,   0.000,   0.053,   0.000,   0.013,   0.013,   0.040,   0.040,   0.187,   0.027,   0.173,   0.040,   0.013,   0.080,   0.000,   0.013,   0.000,   0.027,   0.000,   0.013,   0.013,   0.013,   0.000,   0.013
    8,    1,    8,    1,  0.195782,   10,   0.000,   0.000,   0.000,   0.021,   0.000,   0.004,   0.000,   0.000,   0.038,   0.000,   0.000,   0.066,   0.021,   0.020,   0.000,   0.000,   0.054,   0.030,   0.062,   0.062,   0.000,   0.000,   0.067,   0.152,   0.089,   0.124,   0.066,   0.000,   0.000,   0.052,   0.074
    9,    1,    9,    1,  0.575498,   10,   0.024,   0.041,   0.073,   0.000,   0.008,   0.000,   0.000,   0.000,   0.000,   0.000,   0.032,   0.008,   0.000,   0.008,   0.016,   0.016,   0.032,   0.008,   0.041,   0.024,   0.041,   0.041,   0.057,   0.098,   0.024,   0.008,   0.016,   0.000,   0.317,   0.065,   0.000
   10,    1,   10,    1,  0.352926,   10,   0.000,   0.000,   0.075,   0.140,   0.000,   0.000,   0.076,   0.017,   0.025,   0.121,   0.000,   0.000,   0.000,   0.028,   0.000,   0.119,   0.024,   0.056,   0.000,   0.000,   0.130,   0.033,   0.000,   0.000,   0.014,   0.000,   0.017,   0.047,   0.026,   0.051,   0.001
   11,    1,   11,    1,  0.610078,   10,   0.000,   0.000,   0.002,   0.006,   0.019,   0.217,   0.016,   0.123,   0.120,   0.041,   0.248,   0.009,   0.000,   0.000,   0.000,   0.015,   0.000,   0.059,   0.000,   0.047,   0.010,   0.000,   0.000,   0.007,   0.006,   0.000,   0.000,   0.036,   0.015,   0.000,   0.005
   12,    1,   12,    1,  0.232730,   10,   0.005,   0.005,   0.000,   0.000,   0.000,   0.015,   0.108,   0.000,   0.039,   0.000,   0.034,   0.000,   0.000,   0.010,   0.000,   0.000,   0.103,   0.020,   0.054,   0.158,   0.168,   0.133,   0.000,   0.000,   0.005,   0.005,   0.000,   0.030,   0.069,   0.015,   0.025
   13,    1,   13,    1,  0.010159,   10,   0.141,   0.000,   0.000,   0.030,   0.272,   0.000,   0.000,   0.000,   0.000,   0.000,   0.019,   0.147,   0.047,   0.023,   0.000,   0.000,   0.000,   0.000,   0.000,   0.000,   0.048,   0.115,   0.016,   0.000,   0.000,   0.000,   0.080,   0.019,   0.000,   0.021,   0.025
   14,    1,   14,    1,  0.248451,   10,   0.033,   0.141,   0.071,   0.056,   0.024,   0.036,   0.132,   0.078,   0.001,   0.009,   0.047,   0.025,   0.094,   0.135,   0.045,   0.000,   0.000,   0.001,   0.001,   0.000,   0.015,   0.002,   0.010,   0.000,   0.000,   0.000,   0.024,   0.001,   0.019,   0.000,   0.001
   15,    1,   15,    1,  0.168042,   10,   0.212,   0.041,   0.193,   0.274,   0.000,   0.019,   0.027,   0.000,   0.007,   0.000,   0.009,   0.000,   0.000,   0.000,   0.014,   0.028,   0.000,   0.000,   0.000,   0.030,   0.000,   0.006,   0.000,   0.028,   0.021,   0.028,   0.037,   0.011,   0.016,   0.000,   0.000
   16,    1,   16,    1,  0.554208,   10,   0.093,   0.003,   0.000,   0.000,   0.000,   0.000,   0.000,   0.000,   0.000,   0.000,   0.000,   0.000,   0.007,   0.065,   0.001,   0.001,   0.005,   0.050,   0.028,   0.015,   0.000,   0.072,   0.160,   0.000,   0.000,   0.000,   0.269,   0.012,   0.025,   0.174,   0.019
   17,    1,   17,    1,  0.442863,   10,   0.177,   0.069,   0.002,   0.073,   0.014,   0.001,   0.000,   0.006,   0.000,   0.013,   0.000,   0.012,   0.013,   0.101,   0.002,   0.000,   0.000,   0.009,   0.003,   0.013,   0.000,   0.000,   0.082,   0.000,   0.073,   0.063,   0.041,   0.079,   0.086,   0.010,   0.057
   18,    1,   18,    1,  0.255439,   10,   0.183,   0.057,   0.031,   0.000,   0.000,   0.286,   0.172,   0.118,   0.031,   0.023,   0.000,   0.008,   0.008,   0.019,   0.000,   0.000,   0.004,   0.004,   0.023,   0.031,   0.000,   0.000,   0.000,   0.000,   0.004,   0.000,   0.000,   0.000,   0.000,   0.000,   0.000
    1,    1,    1,    1,  0.015500,   10,   0.000,   0.008,   0.000,   0.000,   0.000,   0.003,   0.022,   0.000,   0.000,   0.000,   0.000,   0.000,   0.000,   0.000,   0.000,   0.000,   0.020,   0.092,   0.008,   0.369,   0.095,   0.296,   0.011,   0.000,   0.000,   0.053,   0.000,   0.017,   0.000,   0.003,   0.003
    2,    1,    2,    1,  0.274230,   10,   0.004,   0.191,   0.010,   0.004,   0.001,   0.001,   0.010,   0.042,   0.069,   0.033,   0.007,   0.004,   0.004,   0.003,   0.009,   0.004,   0.004,   0.020,   0.178,   0.103,   0.001,   0.000,   0.000,   0.000,   0.118,   0.038,   0.027,   0.046,   0.010,   0.010,   0.051
    3,    1,    3,    1,  0.990897,   10,   0.000,   0.000,   0.076,   0.000,   0.000,   0.000,   0.197,   0.135,   0.162,   0.015,   0.000,   0.000,   0.009,   0.000,   0.002,   0.013,   0.001,   0.000,   0.000,   0.000,   0.146,   0.081,   0.114,   0.005,   0.000,   0.000,   0.000,   0.000,   0.025,   0.019,   0.000
    4,    1,    4,    1,  0.002707,   10,   0.000,   0.050,   0.000,   0.110,   0.018,   0.000,   0.000,   0.136,   0.000,   0.000,   0.036,   0.112,   0.000,   0.000,   0.000,   0.250,   0.000,   0.000,   0.068,   0.000,   0.000,   0.017,   0.201,   0.000,   0.000,   0.000,   0.000,   0.000,   0.004,   0.000,   0.000
    5,    1,    5,    1,  0.140152,   10,   0.175,   0.126,   0.001,   0.006,   0.004,   0.013,   0.011,   0.002,   0.034,   0.024,   0.000,   0.029,   0.001,   0.024,   0.001,   0.037,   0.001,   0.096,   0.018,   0.014,   0.027,   0.000,   0.001,   0.002,   0.042,   0.092,   0.101,   0.002,   0.060,   0.019,   0.037
    6,    1,    6,    1,  0.556244,   10,   0.048,   0.001,   0.000,   0.009,   0.031,   0.114,   0.033,   0.037,   0.156,   0.098,   0.010,   0.008,   0.009,   0.001,   0.002,   0.001,   0.000,   0.023,   0.031,   0.024,   0.058,   0.081,   0.034,   0.014,   0.004,   0.028,   0.060,   0.048,   0.008,   0.027,   0.000
    7,    1,    7,    1,  0.382772,   10,   0.000,   0.120,   0.093,   0.013,   0.000,   0.000,   0.000,   0.000,   0.000,   0.053,   0.000,   0.013,   0.013,   0.040,   0.040,   0.187,   0.027,   0.173,   0.040,   0.013,   0.080,   0.000,   0.013,   0.000,   0.027,   0.000,   0.013,   0.013,   0.013,   0.000,   0.013
    8,    1,    8,    1,  0.195782,   10,   0.000,   0.000,   0.000,   0.021,   0.000,   0.004,   0.000,   0.000,   0.038,   0.000,   0.000,   0.066,   0.021,   0.020,   0.000,   0.000,   0.054,   0.030,   0.062,   0.062,   0.000,   0.000,   0.067,   0.152,   0.089,   0.124,   0.066,   0.000,   0.000,   0.052,   0.074
    9,    1,    9,    1,  0.575498,   10,   0.024,   0.041,   0.073,   0.000,   0.008,   0.000,   0.000,   0.000,   0.000,   0.000,   0.032,   0.008,   0.000,   0.008,   0.016,   0.016,   0.032,   0.008,   0.041,   0.024,   0.041,   0.041,   0.057,   0.098,   0.024,   0.008,   0.016,   0.000,   0.317,   0.065,   0.000
   10,    1,   10,    1,  0.352926,   10,   0.000,   0.000,   0.075,   0.140,   0.000,   0.000,   0.076,   0.017,   0.025,   0.121,   0.000,   0.000,   0.000,   0.028,   0.000,   0.119,   0.024,   0.056,   0.000,   0.000,   0.130,   0.033,   0.000,   0.000,   0.014,   0.000,   0.017,   0.047,   0.026,   0.051,   0.001
   11,    1,   11,    1,  0.610078,   10,   0.000,   0.000,   0.002,   0.006,   0.019,   0.217,   0.016,   0.123,   0.120,   0.041,   0.248,   0.009,   0.000,   0.000,   0.000,   0.015,   0.000,   0.059,   0.000,   0.047,   0.010,   0.000,   0.000,   0.007,   0.006,   0.000,   0.000,   0.036,   0.015,   0.000,   0.005
   12,    1,   12,    1,  0.232730,   10,   0.005,   0.005,   0.000,   0.000,   0.000,   0.015,   0.108,   0.000,   0.039,   0.000,   0.034,   0.000,   0.000,   0.010,   0.000,   0.000,   0.103,   0.020,   0.054,   0.158,   0.168,   0.133,   0.000,   0.000,   0.005,   0.005,   0.000,   0.030,   0.069,   0.015,   0.025
   13,    1,   13,    1,  0.010159,   10,   0.141,   0.000,   0.000,   0.030,   0.272,   0.000,   0.000,   0.000,   0.000,   0.000,   0.019,   0.147,   0.047,   0.023,   0.000,   0.000,   0.000,   0.000,   0.000,   0.000,   0.048,   0.115,   0.016,   0.000,   0.000,   0.000,   0.080,   0.019,   0.000,   0.021,   0.025
   14,    1,   14,    1,  0.248451,   10,   0.033,   0.141,   0.071,   0.056,   0.024,   0.036,   0.132,   0.078,   0.001,   0.009,   0.047,   0.025,   0.094,   0.135,   0.045,   0.000,   0.000,   0.001,   0.001,   0.000,   0.015,   0.002,   0.010,   0.000,   0.000,   0.000,   0.024,   0.001,   0.019,   0.000,   0.001
   15,    1,   15,    1,  0.168042,   10,   0.212,   0.041,   0.193,   0.274,   0.000,   0.019,   0.027,   0.000,   0.007,   0.000,   0.009,   0.000,   0.000,   0.000,   0.014,   0.028,   0.000,   0.000,   0.000,   0.030,   0.000,   0.006,   0.000,   0.028,   0.021,   0.028,   0.037,   0.011,   0.016,   0.000,   0.000
   16,    1,   16,    1,  0.554208,   10,   0.093,   0.003,   0.000,   0.000,   0.000,   0.000,   0.000,   0.000,   0.000,   0.000,   0.000,   0.000,   0.007,   0.065,   0.001,   0.001,   0.005,   0.050,   0.028,   0.015,   0.000,   0.072,   0.160,   0.000,   0.000,   0.000,   0.269,   0.012,   0.025,   0.174,   0.019
   17,    1,   17,    1,  0.442863,   10,   0.177,   0.069,   0.002,   0.073,   0.014,   0.001,   0.000,   0.006,   0.000,   0.013,   0.000,   0.012,   0.013,   0.101,   0.002,   0.000,   0.000,   0.009,   0.003,   0.013,   0.000,   0.000,   0.082,   0.000,   0.073,   0.063,   0.041,   0.079,   0.086,   0.010,   0.057
   18,    1,   18,    1,  0.255439,   10,   0.183,   0.057,   0.031,   0.000,   0.000,   0.286,   0.172,   0.118,   0.031,   0.023,   0.000,   0.008,   0.008,   0.019,   0.000,   0.000,   0.004,   0.004,   0.023,   0.031,   0.000,   0.000,   0.000,   0.000,   0.004,   0.000,   0.000,   0.000,   0.000,   0.000,   0.000
    1,    2,    1,    1,  0.840142,   10,   0.000,   0.005,   0.000,   0.015,   0.005,   0.000,   0.005,   0.260,   0.015,   0.000,   0.010,   0.000,   0.030,   0.210,   0.160,   0.065,   0.010,   0.005,   0.000,   0.000,   0.000,   0.000,   0.000,   0.000,   0.000,   0.160,   0.020,   0.025,   0.000,   0.000,   0.000
    2,    2,    2,    1,  0.350042,   10,   0.032,   0.000,   0.000,   0.042,   0.028,   0.036,   0.089,   0.000,   0.000,   0.000,   0.043,   0.012,   0.165,   0.055,   0.198,   0.000,   0.000,   0.000,   0.055,   0.000,   0.000,   0.130,   0.000,   0.000,   0.113,   0.000,   0.000,   0.000,   0.000,   0.000,   0.000
    3,    2,    3,    1,  0.393428,   10,   0.008,   0.016,   0.025,   0.006,   0.000,   0.033,   0.000,   0.000,   0.000,   0.000,   0.000,   0.198,   0.227,   0.116,   0.037,   0.074,   0.006,   0.012,   0.012,   0.000,   0.000,   0.000,   0.124,   0.021,   0.012,   0.004,   0.012,   0.054,   0.000,   0.000,   0.000
    4,    2,    4,    1,  0.371160,   10,   0.155,   0.000,   0.000,   0.064,   0.000,   0.000,   0.242,   0.000,   0.000,   0.000,   0.028,   0.000,   0.000,   0.046,   0.060,   0.000,   0.000,   0.072,   0.000,   0.000,   0.000,   0.076,   0.181,   0.000,   0.000,   0.000,   0.000,   0.076,   0.000,   0.000,   0.000
    5,    2,    5,    1,  0.287185,   10,   0.005,   0.016,   0.022,   0.044,   0.131,   0.000,   0.000,   0.001,   0.089,   0.002,   0.025,   0.021,   0.010,   0.001,   0.020,   0.069,   0.141,   0.087,   0.016,   0.075,   0.004,   0.004,   0.001,   0.136,   0.078,   0.000,   0.000,   0.001,   0.000,   0.000,   0.000
    6,    2,    6,    1,  0.198353,   10,   0.000,   0.015,   0.000,   0.025,   0.000,   0.000,   0.077,   0.000,   0.000,   0.000,   0.001,   0.000,   0.000,   0.000,   0.064,   0.079,   0.060,   0.006,   0.087,   0.167,   0.020,   0.189,   0.079,   0.034,   0.013,   0.067,   0.000,   0.015,   0.001,   0.000,   0.000
    7,    2,    7,    1,  0.056804,   10,   0.014,   0.000,   0.014,   0.005,   0.000,   0.000,   0.005,   0.005,   0.042,   0.005,   0.000,   0.000,   0.051,   0.139,   0.023,   0.037,   0.009,   0.116,   0.056,   0.014,   0.000,   0.000,   0.185,   0.000,   0.005,   0.102,   0.102,   0.074,   0.000,   0.000,   0.000
    8,    2,    8,    1,  0.207230,   10,   0.081,   0.000,   0.013,   0.000,   0.000,   0.028,   0.000,   0.000,   0.000,   0.023,   0.000,   0.000,   0.065,   0.158,   0.114,   0.000,   0.000,   0.000,   0.000,   0.263,   0.085,   0.020,   0.051,   0.025,   0.000,   0.000,   0.074,   0.000,   0.000,   0.000,   0.000
    9,    2,    9,    1,  0.780725,   10,   0.011,   0.005,   0.002,   0.061,   0.029,   0.006,   0.093,   0.011,   0.005,   0.009,   0.015,   0.026,   0.025,   0.010,   0.000,   0.000,   0.020,   0.058,   0.024,   0.017,   0.010,   0.004,   0.052,   0.000,   0.019,   0.021,   0.053,   0.001,   0.413,   0.000,   0.000
   10,    2,   10,    1,  0.988115,   10,   0.000,   0.000,   0.085,   0.070,   0.132,   0.000,   0.008,   0.031,   0.008,   0.132,   0.039,   0.000,   0.000,   0.000,   0.000,   0.000,   0.000,   0.000,   0.015,   0.000,   0.008,   0.000,   0.295,   0.093,   0.015,   0.008,   0.062,   0.000,   0.000,   0.000,   0.000
   11,    2,   11,    1,  0.831763,   10,   0.000,   0.000,   0.011,   0.086,   0.143,   0.161,   0.197,   0.018,   0.090,   0.007,   0.029,   0.000,   0.000,   0.018,   0.001,   0.000,   0.010,   0.045,   0.018,   0.001,   0.013,   0.039,   0.000,   0.000,   0.007,   0.014,   0.018,   0.075,   0.000,   0.000,   0.000
   12,    2,   12,    1,  0.717015,   10,   0.239,   0.000,   0.162,   0.000,   0.017,   0.000,   0.000,   0.000,   0.026,   0.017,   0.000,   0.000,   0.034,   0.009,   0.128,   0.205,   0.094,   0.026,   0.000,   0.000,   0.000,   0.000,   0.000,   0.000,   0.000,   0.026,   0.017,   0.000,   0.000,   0.000,   0.000
   13,    2,   13,    1,  0.734001,   10,   0.038,   0.000,   0.029,   0.000,   0.000,   0.000,   0.036,   0.082,   0.000,   0.136,   0.000,   0.000,   0.000,   0.079,   0.049,   0.207,   0.114,   0.068,   0.019,   0.000,   0.000,   0.016,   0.016,   0.000,   0.035,   0.000,   0.061,   0.014,   0.000,   0.000,   0.000
   14,    2,   14,    1,  0.576281,   10,   0.021,   0.032,   0.000,   0.058,   0.004,   0.007,   0.103,   0.184,   0.051,   0.029,   0.138,   0.026,   0.207,   0.011,   0.015,   0.034,   0.002,   0.000,   0.007,   0.013,   0.000,   0.000,   0.002,   0.009,   0.050,   0.000,   0.000,   0.000,   0.000,   0.000,   0.000
   15,    2,   15,    1,  0.168975,   10,   0.028,   0.066,   0.042,   0.031,   0.080,   0.056,   0.042,   0.083,   0.000,   0.007,   0.087,   0.154,   0.000,   0.021,   0.012,   0.084,   0.045,   0.000,   0.000,   0.080,   0.000,   0.000,   0.006,   0.013,   0.000,   0.000,   0.000,   0.063,   0.000,   0.000,   0.000
   16,    2,   16,    1,  0.565552,   10,   0.018,   0.000,   0.058,   0.033,   0.072,   0.082,   0.011,   0.001,   0.021,   0.055,   0.001,   0.000,   0.005,   0.000,   0.011,   0.041,   0.018,   0.141,   0.208,   0.014,   0.001,   0.004,   0.000,   0.000,   0.003,   0.005,   0.032,   0.167,   0.000,   0.000,   0.000
   17,    2,   17,    1,  0.134385,   10,   0.062,   0.000,   0.105,   0.015,   0.000,   0.064,   0.018,   0.001,   0.013,   0.006,   0.008,   0.000,   0.004,   0.104,   0.095,   0.103,   0.058,   0.080,   0.059,   0.001,   0.025,   0.000,   0.007,   0.049,   0.013,   0.058,   0.006,   0.039,   0.007,   0.000,   0.000
   18,    2,   18,    1,  0.102784,   10,   0.000,   0.000,   0.000,   0.000,   0.000,   0.000,   0.000,   0.000,   0.002,   0.003,   0.059,   0.132,   0.184,   0.033,   0.105,   0.228,   0.002,   0.000,   0.000,   0.000,   0.015,   0.110,   0.023,   0.068,   0.023,   0.009,   0.005,   0.000,   0.000,   0.000,   0.000
    1,    3,    1,    1,  0.717004,   10,   0.000,   0.000,   0.004,   0.000,   0.004,   0.000,   0.016,   0.049,   0.012,   0.097,   0.190,   0.069,   0.097,   0.012,   0.057,   0.000,   0.000,   0.000,   0.000,   0.000,   0.028,   0.000,   0.000,   0.081,   0.004,   0.000,   0.211,   0.008,   0.004,   0.057,   0.000
    2,    3,    2,    1,  0.045525,   10,   0.014,   0.030,   0.012,   0.013,   0.050,   0.024,   0.015,   0.051,   0.000,   0.007,   0.000,   0.000,   0.021,   0.009,   0.081,   0.000,   0.012,   0.010,   0.050,   0.167,   0.107,   0.024,   0.016,   0.100,   0.033,   0.007,   0.000,   0.000,   0.077,   0.051,   0.020
    3,    3,    3,    1,  0.240108,   10,   0.036,   0.032,   0.461,   0.154,   0.024,   0.007,   0.001,   0.089,   0.010,   0.024,   0.000,   0.000,   0.000,   0.003,   0.001,   0.022,   0.011,   0.001,   0.023,   0.021,   0.001,   0.001,   0.007,   0.020,   0.000,   0.000,   0.000,   0.016,   0.033,   0.003,   0.000
    4,    3,    4,    1,  0.048587,   10,   0.006,   0.000,   0.000,   0.010,   0.000,   0.000,   0.000,   0.000,   0.000,   0.000,   0.053,   0.000,   0.000,   0.000,   0.000,   0.000,   0.000,   0.205,   0.000,   0.000,   0.000,   0.000,   0.000,   0.000,   0.083,   0.240,   0.000,   0.000,   0.402,   0.000,   0.000
    5,    3,    5,    1,  0.314790,   10,   0.005,   0.017,   0.120,   0.101,   0.027,   0.039,   0.000,   0.002,   0.037,   0.039,   0.197,   0.069,   0.020,   0.000,   0.002,   0.002,   0.002,   0.000,   0.002,   0.017,   0.000,   0.059,   0.002,   0.000,   0.103,   0.012,   0.074,   0.047,   0.000,   0.002,   0.000
    6,    3,    6,    1,  0.109547,   10,   0.004,   0.000,   0.070,   0.000,   0.000,   0.007,   0.009,   0.049,   0.097,   0.011,   0.012,   0.203,   0.004,   0.102,   0.008,   0.007,   0.087,   0.038,   0.001,   0.055,   0.004,   0.055,   0.015,   0.012,   0.009,   0.008,   0.052,   0.001,   0.016,   0.012,   0.050
    7,    3,    7,    1,  0.103689,   10,   0.058,   0.083,   0.000,   0.000,   0.008,   0.083,   0.033,   0.033,   0.017,   0.017,   0.042,   0.008,   0.033,   0.158,   0.008,   0.008,   0.033,   0.083,   0.000,   0.000,   0.025,   0.017,   0.008,   0.008,   0.000,   0.025,   0.083,   0.000,   0.000,   0.017,   0.108
    8,    3,    8,    1,  0.704337,   10,   0.000,   0.000,   0.026,   0.000,   0.000,   0.000,   0.265,   0.054,   0.000,   0.000,   0.000,   0.000,   0.000,   0.126,   0.025,   0.014,   0.039,   0.000,   0.000,   0.000,   0.241,   0.000,   0.000,   0.000,   0.000,   0.000,   0.000,   0.096,   0.000,   0.000,   0.113
    9,    3,    9,    1,  0.597838,   10,   0.005,   0.010,   0.228,   0.095,   0.089,   0.033,   0.017,   0.031,   0.018,   0.017,   0.000,   0.003,   0.000,   0.000,   0.046,   0.021,   0.033,   0.003,   0.043,   0.002,   0.023,   0.000,   0.009,   0.032,   0.000,   0.001,   0.000,   0.037,   0.104,   0.075,   0.028
   10,    3,   10,    1,  0.194129,   10,   0.000,   0.057,   0.057,   0.000,   0.000,   0.050,   0.126,   0.019,   0.006,   0.006,   0.000,   0.000,   0.013,   0.000,   0.013,   0.006,   0.019,   0.013,   0.038,   0.044,   0.082,   0.006,   0.101,   0.050,   0.163,   0.063,   0.006,   0.000,   0.019,   0.013,   0.031
   11,    3,   11,    1,  0.066618,   10,   0.382,   0.086,   0.000,   0.007,   0.025,   0.049,   0.019,   0.011,   0.009,   0.000,   0.000,   0.000,   0.000,   0.000,   0.000,   0.000,   0.012,   0.012,   0.000,   0.002,   0.000,   0.001,   0.001,   0.030,   0.069,   0.000,   0.000,   0.000,   0.197,   0.000,   0.086
   12,    3,   12,    1,  0.842015,   10,   0.000,   0.000,   0.041,   0.000,   0.000,   0.047,   0.082,   0.012,   0.000,   0.047,   0.006,   0.006,   0.018,   0.041,   0.035,   0.006,   0.018,   0.006,   0.029,   0.035,   0.012,   0.018,   0.076,   0.041,   0.252,   0.088,   0.023,   0.000,   0.018,   0.012,   0.035
   13,    3,   13,    1,  0.908270,   10,   0.000,   0.000,   0.000,   0.000,   0.000,   0.000,   0.000,   0.122,   0.000,   0.000,   0.000,   0.153,   0.000,   0.071,   0.000,   0.000,   0.000,   0.149,   0.281,   0.000,   0.000,   0.000,   0.000,   0.000,   0.000,   0.000,   0.000,   0.000,   0.000,   0.000,   0.224
   14,    3,   14,    1,  0.212658,   10,   0.025,   0.000,   0.003,   0.000,   0.000,   0.000,   0.000,   0.014,   0.003,   0.005,   0.022,   0.014,   0.001,   0.027,   0.036,   0.063,   0.120,   0.212,   0.054,   0.053,   0.017,   0.089,   0.067,   0.000,   0.000,   0.015,   0.068,   0.008,   0.004,   0.040,   0.040
   15,    3,   15,    1,  0.163346,   10,   0.086,   0.057,   0.054,   0.032,   0.205,   0.000,   0.000,   0.000,   0.000,   0.117,   0.106,   0.000,   0.000,   0.032,   0.009,   0.019,   0.007,   0.000,   0.000,   0.032,   0.049,   0.000,   0.005,   0.000,   0.000,   0.029,   0.000,   0.155,   0.009,   0.000,   0.000
   16,    3,   16,    1,  0.583270,   10,   0.059,   0.025,   0.123,   0.040,   0.000,   0.072,   0.000,   0.010,   0.000,   0.071,   0.100,   0.056,   0.002,   0.000,   0.002,   0.023,   0.000,   0.000,   0.014,   0.002,   0.000,   0.035,   0.230,   0.000,   0.000,   0.025,   0.086,   0.019,   0.005,   0.000,   0.000
   17,    3,   17,    1,  0.402398,   10,   0.021,   0.076,   0.084,   0.001,   0.001,   0.000,   0.001,   0.002,   0.009,   0.042,   0.031,   0.027,   0.026,   0.143,   0.025,   0.202,   0.001,   0.121,   0.038,   0.047,   0.007,   0.001,   0.020,   0.009,   0.001,   0.000,   0.000,   0.000,   0.001,   0.009,   0.054
   18,    3,   18,    1,  0.971171,   10,   0.020,   0.004,   0.000,   0.008,   0.000,   0.002,   0.010,   0.000,   0.020,   0.049,   0.035,   0.076,   0.002,   0.041,   0.004,   0.061,   0.092,   0.004,   0.170,   0.053,   0.000,   0.006,   0.043,   0.039,   0.004,   0.024,   0.100,   0.024,   0.008,   0.033,   0.065
    1,    4,    1,    1,  0.577885,   10,   0.216,   0.012,   0.000,   0.053,   0.035,   0.006,   0.000,   0.152,   0.000,   0.000,   0.000,   0.000,   0.000,   0.000,   0.000,   0.000,   0.029,   0.351,   0.006,   0.000,   0.035,   0.000,   0.000,   0.018,   0.000,   0.000,   0.058,   0.018,   0.012,   0.000,   0.000
    2,    4,    2,    1,  0.255735,   10,   0.036,   0.014,   0.094,   0.068,   0.039,   0.000,   0.000,   0.000,   0.000,   0.003,   0.000,   0.000,   0.000,   0.000,   0.000,   0.000,   0.000,   0.000,   0.000,   0.113,   0.000,   0.023,   0.124,   0.129,   0.273,   0.000,   0.006,   0.072,   0.000,   0.007,   0.000
    3,    4,    3,    1,  0.140878,   10,   0.000,   0.000,   0.000,   0.062,   0.051,   0.000,   0.000,   0.069,   0.102,   0.000,   0.000,   0.000,   0.000,   0.000,   0.455,   0.000,   0.000,   0.000,   0.136,   0.000,   0.000,   0.000,   0.000,   0.016,   0.000,   0.020,   0.060,   0.000,   0.029,   0.000,   0.000
    4,    4,    4,    1,  0.064344,   10,   0.000,   0.000,   0.334,   0.000,   0.000,   0.000,   0.000,   0.052,   0.111,   0.000,   0.068,   0.000,   0.000,   0.000,   0.042,   0.000,   0.000,   0.000,   0.000,   0.000,   0.000,   0.199,   0.000,   0.000,   0.000,   0.000,   0.000,   0.000,   0.194,   0.000,   0.000
    5,    4,    5,    1,  0.018856,   10,   0.006,   0.005,   0.091,   0.091,   0.169,   0.001,   0.000,   0.029,   0.053,   0.144,   0.077,   0.032,   0.000,   0.032,   0.000,   0.010,   0.000,   0.000,   0.000,   0.000,   0.007,   0.001,   0.001,   0.067,   0.001,   0.011,   0.001,   0.000,   0.094,   0.076,   0.000
    6,    4,    6,    1,  0.003025,   10,   0.000,   0.023,   0.080,   0.067,   0.166,   0.000,   0.001,   0.020,   0.046,   0.026,   0.055,   0.037,   0.000,   0.008,   0.005,   0.038,   0.000,   0.000,   0.000,   0.000,   0.032,   0.000,   0.008,   0.094,   0.000,   0.034,   0.028,   0.001,   0.091,   0.139,   0.000
    7,    4,    7,    1,  0.470047,   10,   0.048,   0.038,   0.010,   0.115,   0.019,   0.010,   0.058,   0.038,   0.000,   0.019,   0.173,   0.144,   0.010,   0.000,   0.000,   0.038,   0.000,   0.019,   0.010,   0.000,   0.000,   0.000,   0.000,   0.000,   0.000,   0.000,   0.029,   0.029,   0.173,   0.019,   0.000
    8,    4,    8,    1,  0.212412,   10,   0.000,   0.000,   0.000,   0.152,   0.009,   0.058,   0.016,   0.050,   0.000,   0.000,   0.090,   0.049,   0.022,   0.068,   0.010,   0.000,   0.000,   0.037,   0.019,   0.013,   0.071,   0.029,   0.000,   0.000,   0.046,   0.025,   0.000,   0.007,   0.087,   0.142,   0.000
    9,    4,    9,    1,  0.508112,   10,   0.033,   0.367,   0.017,   0.033,   0.017,   0.000,   0.033,   0.000,   0.000,   0.000,   0.033,   0.000,   0.167,   0.033,   0.033,   0.067,   0.017,   0.017,   0.000,   0.000,   0.000,   0.000,   0.083,   0.033,   0.017,   0.000,   0.000,   0.000,   0.000,   0.000,   0.000
   10,    4,   10,    1,  0.263139,   10,   0.012,   0.059,   0.000,   0.000,   0.000,   0.000,   0.012,   0.023,   0.000,   0.094,   0.000,   0.035,   0.035,   0.000,   0.012,   0.012,   0.294,   0.094,   0.000,   0.000,   0.012,   0.082,   0.000,   0.000,   0.000,   0.165,   0.012,   0.000,   0.047,   0.000,   0.000
   11,    4,   11,    1,  0.669349,   10,   0.034,   0.007,   0.000,   0.002,   0.000,   0.000,   0.065,   0.031,   0.079,   0.000,   0.023,   0.000,   0.000,   0.090,   0.000,   0.011,   0.000,   0.000,   0.000,   0.000,   0.113,   0.036,   0.034,   0.064,   0.000,   0.000,   0.000,   0.273,   0.031,   0.107,   0.000
   12,    4,   12,    1,  0.408806,   10,   0.034,   0.034,   0.034,   0.034,   0.000,   0.000,   0.034,   0.138,   0.000,   0.103,   0.000,   0.000,   0.000,   0.000,   0.000,   0.034,   0.000,   0.034,   0.034,   0.103,   0.000,   0.069,   0.034,   0.000,   0.000,   0.034,   0.000,   0.241,   0.000,   0.000,   0.000
   13,    4,   13,    1,  0.506485,   10,   0.000,   0.060,   0.156,   0.177,   0.050,   0.187,   0.000,   0.000,   0.000,   0.000,   0.000,   0.000,   0.000,   0.000,   0.000,   0.000,   0.142,   0.036,   0.000,   0.000,   0.000,   0.000,   0.173,   0.000,   0.000,   0.019,   0.000,   0.000,   0.000,   0.000,   0.000
   14,    4,   14,    1,  0.073158,   10,   0.069,   0.059,   0.000,   0.000,   0.000,   0.000,   0.037,   0.018,   0.004,   0.132,   0.000,   0.124,   0.086,   0.022,   0.000,   0.019,   0.159,   0.000,   0.000,   0.000,   0.000,   0.002,   0.012,   0.009,   0.000,   0.062,   0.024,   0.000,   0.015,   0.148,   0.000
   15,    4,   15,    1,  0.422185,   10,   0.027,   0.000,   0.000,   0.000,   0.000,   0.019,   0.000,   0.027,   0.012,   0.000,   0.020,   0.000,   0.000,   0.032,   0.096,   0.404,   0.016,   0.019,   0.023,   0.000,   0.017,   0.213,   0.012,   0.000,   0.019,   0.032,   0.000,   0.012,   0.000,   0.000,   0.000
   16,    4,   16,    1,  0.053012,   10,   0.006,   0.000,   0.035,   0.000,   0.002,   0.020,   0.089,   0.009,   0.135,   0.089,   0.077,   0.005,   0.024,   0.000,   0.112,   0.059,   0.035,   0.026,   0.089,   0.009,   0.006,   0.002,   0.053,   0.033,   0.002,   0.000,   0.009,   0.045,   0.030,   0.000,   0.000
   17,    4,   17,    1,  0.773697,   10,   0.016,   0.070,   0.277,   0.045,   0.156,   0.003,   0.000,   0.000,   0.004,   0.008,   0.000,   0.014,   0.000,   0.000,   0.000,   0.000,   0.131,   0.037,   0.015,   0.003,   0.027,   0.045,   0.040,   0.000,   0.025,   0.021,   0.019,   0.020,   0.003,   0.023,   0.000
   18,    4,   18,    1,  0.625892,   10,   0.004,   0.000,   0.004,   0.034,   0.034,   0.000,   0.000,   0.026,   0.000,   0.000,   0.000,   0.034,   0.009,   0.000,   0.022,   0.082,   0.026,   0.086,   0.272,   0.086,   0.177,   0.017,   0.000,   0.009,   0.017,   0.000,   0.052,   0.000,   0.000,   0.009,   0.000
    1,    5,    1,    1,  0.944264,   10,   0.019,   0.014,   0.014,   0.086,   0.009,   0.005,   0.002,   0.009,   0.082,   0.105,   0.270,   0.000,   0.002,   0.016,   0.000,   0.082,   0.000,   0.000,   0.002,   0.000,   0.098,   0.035,   0.140,   0.000,   0.000,   0.009,   0.000,   0.000,   0.000,   0.000,   0.000
    2,    5,    2,    1,  0.556892,   10,   0.000,   0.000,   0.000,   0.015,   0.011,   0.000,   0.000,   0.000,   0.000,   0.000,   0.075,   0.124,   0.000,   0.000,   0.000,   0.000,   0.000,   0.103,   0.179,   0.272,   0.000,   0.012,   0.000,   0.000,   0.000,   0.000,   0.093,   0.023,   0.000,   0.012,   0.081
    3,    5,    3,    1,  0.239843,   10,   0.154,   0.319,   0.000,   0.000,   0.000,   0.000,   0.000,   0.055,   0.000,   0.000,   0.110,   0.000,   0.000,   0.000,   0.033,   0.099,   0.000,   0.044,   0.000,   0.000,   0.000,   0.132,   0.000,   0.000,   0.000,   0.000,   0.000,   0.000,   0.000,   0.000,   0.055
    4,    5,    4,    1,  0.829636,   10,   0.000,   0.000,   0.000,   0.000,   0.032,   0.000,   0.000,   0.000,   0.098,   0.000,   0.000,   0.000,   0.000,   0.000,   0.064,   0.020,   0.016,   0.138,   0.100,   0.000,   0.000,   0.122,   0.000,   0.000,   0.216,   0.000,   0.000,   0.000,   0.069,   0.043,   0.083
    5,    5,    5,    1,  0.837673,   10,   0.061,   0.002,   0.041,   0.019,   0.001,   0.066,   0.001,   0.011,   0.068,   0.000,   0.000,   0.209,   0.044,   0.001,   0.000,   0.000,   0.006,   0.001,   0.003,   0.038,   0.003,   0.011,   0.010,   0.018,   0.052,   0.055,   0.094,   0.004,   0.001,   0.000,   0.178
    6,    5,    6,    1,  0.849762,   10,   0.002,   0.026,   0.014,   0.026,   0.006,   0.014,   0.004,   0.036,   0.085,   0.305,   0.103,   0.001,   0.072,   0.004,   0.097,   0.038,   0.005,   0.002,   0.016,   0.056,   0.003,   0.027,   0.022,   0.012,   0.013,   0.006,   0.000,   0.002,   0.000,   0.004,   0.001
    7,    5,    7,    1,  0.713532,   10,   0.008,   0.000,   0.025,   0.075,   0.069,   0.019,   0.040,   0.002,   0.005,   0.048,   0.000,   0.011,   0.001,   0.000,   0.012,   0.007,   0.014,   0.046,   0.039,   0.014,   0.131,   0.116,   0.001,   0.000,   0.000,   0.000,   0.031,   0.061,   0.041,   0.137,   0.046
    8,    5,    8,    1,  0.417111,   10,   0.000,   0.000,   0.000,   0.000,   0.032,   0.000,   0.000,   0.000,   0.098,   0.000,   0.000,   0.000,   0.000,   0.000,   0.064,   0.020,   0.016,   0.138,   0.100,   0.000,   0.000,   0.122,   0.000,   0.000,   0.216,   0.000,   0.000,   0.000,   0.069,   0.043,   0.083
    9,    5,    9,    1,  0.030636,   10,   0.000,   0.000,   0.042,   0.000,   0.000,   0.008,   0.175,   0.025,   0.008,   0.000,   0.042,   0.025,   0.033,   0.017,   0.050,   0.017,   0.108,   0.008,   0.000,   0.000,   0.000,   0.400,   0.017,   0.008,   0.000,   0.000,   0.000,   0.000,   0.000,   0.008,   0.008
   10,    5,   10,    1,  0.766344,   10,   0.000,   0.000,   0.127,   0.000,   0.005,   0.000,   0.000,   0.000,   0.000,   0.189,   0.004,   0.000,   0.013,   0.000,   0.000,   0.000,   0.000,   0.000,   0.237,   0.026,   0.007,   0.000,   0.000,   0.230,   0.004,   0.034,   0.005,   0.000,   0.000,   0.000,   0.117
   11,    5,   11,    1,  0.346660,   10,   0.034,   0.069,   0.000,   0.000,   0.022,   0.000,   0.005,   0.014,   0.024,   0.000,   0.000,   0.149,   0.000,   0.000,   0.000,   0.050,   0.000,   0.000,   0.305,   0.011,   0.089,   0.023,   0.039,   0.000,   0.000,   0.000,   0.111,   0.055,   0.000,   0.000,   0.000
   12,    5,   12,    1,  0.360455,   10,   0.052,   0.000,   0.007,   0.007,   0.044,   0.030,   0.015,   0.000,   0.178,   0.200,   0.000,   0.089,   0.000,   0.007,   0.000,   0.000,   0.007,   0.015,   0.007,   0.007,   0.000,   0.007,   0.007,   0.119,   0.119,   0.067,   0.015,   0.000,   0.000,   0.000,   0.000
   13,    5,   13,    1,  0.149152,   10,   0.000,   0.000,   0.000,   0.000,   0.000,   0.000,   0.000,   0.000,   0.000,   0.000,   0.000,   0.000,   0.000,   0.000,   0.000,   0.000,   0.000,   0.000,   0.000,   0.000,   0.000,   0.000,   0.000,   0.000,   0.000,   0.000,   0.000,   0.000,   0.000,   0.000,   0.000
   14,    5,   14,    1,  0.174975,   10,   0.288,   0.036,   0.094,   0.000,   0.000,   0.000,   0.138,   0.008,   0.019,   0.015,   0.007,   0.130,   0.015,   0.000,   0.000,   0.045,   0.003,   0.000,   0.032,   0.008,   0.045,   0.000,   0.004,   0.000,   0.000,   0.059,   0.044,   0.007,   0.002,   0.000,   0.000
   15,    5,   15,    1,  0.839839,   10,   0.302,   0.044,   0.010,   0.000,   0.024,   0.000,   0.024,   0.000,   0.051,   0.010,   0.051,   0.030,   0.000,   0.000,   0.007,   0.068,   0.000,   0.037,   0.010,   0.027,   0.000,   0.000,   0.000,   0.044,   0.000,   0.000,   0.027,   0.000,   0.075,   0.149,   0.010
   16,    5,   16,    1,  0.884376,   10,   0.000,   0.009,   0.000,   0.043,   0.026,   0.092,   0.000,   0.000,   0.000,   0.014,   0.180,   0.078,   0.168,   0.180,   0.054,   0.042,   0.034,   0.062,   0.006,   0.010,   0.000,   0.000,   0.000,   0.000,   0.000,   0.000,   0.000,   0.000,   0.000,   0.000,   0.000
   17,    5,   17,    1,  0.358113,   10,   0.044,   0.003,   0.000,   0.001,   0.035,   0.049,   0.111,   0.331,   0.020,   0.009,   0.007,   0.000,   0.056,   0.047,   0.001,   0.021,   0.000,   0.056,   0.016,   0.079,   0.019,   0.085,   0.003,   0.000,   0.000,   0.001,   0.004,   0.001,   0.001,   0.000,   0.003
   18,    5,   18,    1,  0.644838,   10,   0.008,   0.000,   0.016,   0.159,   0.032,   0.008,   0.048,   0.008,   0.016,   0.095,   0.064,   0.000,   0.016,   0.016,   0.016,   0.103,   0.048,   0.040,   0.000,   0.000,   0.000,   0.000,   0.032,   0.064,   0.032,   0.040,   0.016,   0.119,   0.008,   0.000,   0.000
    1,    6,    1,    1,  0.454913,   10,   0.000,   0.000,   0.000,   0.000,   0.000,   0.000,   0.038,   0.058,   0.010,   0.615,   0.000,   0.096,   0.000,   0.000,   0.000,   0.000,   0.000,   0.000,   0.000,   0.000,   0.000,   0.163,   0.010,   0.000,   0.000,   0.000,   0.010,   0.000,   0.000,   0.000,   0.000
    2,    6,    2,    1,  0.030935,   10,   0.003,   0.000,   0.000,   0.000,   0.000,   0.000,   0.181,   0.036,   0.154,   0.127,   0.235,   0.034,   0.012,   0.000,   0.000,   0.000,   0.000,   0.006,   0.011,   0.000,   0.000,   0.124,   0.038,   0.000,   0.005,   0.026,   0.000,   0.000,   0.008,   0.000,   0.000
    3,    6,    3,    1,  0.777725,   10,   0.000,   0.017,   0.056,   0.000,   0.000,   0.000,   0.000,   0.000,   0.000,   0.000,   0.000,   0.034,   0.000,   0.000,   0.045,   0.034,   0.011,   0.028,   0.045,   0.000,   0.000,   0.157,   0.067,   0.023,   0.039,   0.000,   0.090,   0.180,   0.129,   0.045,   0.000
    4,    6,    4,    1,  0.904963,   10,   0.000,   0.044,   0.146,   0.000,   0.102,   0.000,   0.012,   0.000,   0.000,   0.044,   0.000,   0.004,   0.000,   0.023,   0.379,   0.000,   0.000,   0.058,   0.000,   0.117,   0.000,   0.000,   0.000,   0.000,   0.000,   0.000,   0.000,   0.000,   0.000,   0.071,   0.000
    5,    6,    5,    1,  0.235190,   10,   0.021,   0.006,   0.001,   0.001,   0.049,   0.001,   0.000,   0.000,   0.001,   0.271,   0.123,   0.057,   0.028,   0.060,   0.044,   0.047,   0.007,   0.001,   0.001,   0.011,   0.188,   0.002,   0.000,   0.003,   0.007,   0.035,   0.011,   0.011,   0.011,   0.001,   0.000
    6,    6,    6,    1,  0.193343,   10,   0.069,   0.000,   0.004,   0.000,   0.000,   0.000,   0.031,   0.000,   0.001,   0.004,   0.007,   0.064,   0.126,   0.026,   0.031,   0.006,   0.001,   0.055,   0.104,   0.043,   0.107,   0.114,   0.009,   0.019,   0.000,   0.008,   0.008,   0.129,   0.027,   0.005,   0.000
    7,    6,    7,    1,  0.027282,   10,   0.000,   0.000,   0.038,   0.092,   0.015,   0.000,   0.000,   0.000,   0.085,   0.508,   0.100,   0.015,   0.000,   0.023,   0.000,   0.000,   0.062,   0.000,   0.000,   0.008,   0.023,   0.015,   0.000,   0.000,   0.000,   0.008,   0.000,   0.008,   0.000,   0.000,   0.000
    8,    6,    8,    1,  0.760096,   10,   0.092,   0.030,   0.074,   0.000,   0.000,   0.061,   0.038,   0.017,   0.074,   0.009,   0.000,   0.000,   0.083,   0.028,   0.083,   0.089,   0.060,   0.000,   0.000,   0.092,   0.007,   0.030,   0.014,   0.074,   0.000,   0.000,   0.028,   0.004,   0.014,   0.000,   0.000
    9,    6,    9,    1,  0.923120,   10,   0.477,   0.025,   0.019,   0.010,   0.015,   0.000,   0.000,   0.000,   0.000,   0.000,   0.004,   0.000,   0.000,   0.032,   0.193,   0.013,   0.023,   0.000,   0.032,   0.002,   0.029,   0.004,   0.002,   0.004,   0.036,   0.000,   0.080,   0.000,   0.000,   0.000,   0.000
   10,    6,   10,    1,  0.235079,   10,   0.185,   0.065,   0.004,   0.012,   0.004,   0.000,   0.000,   0.000,   0.000,   0.003,   0.004,   0.000,   0.004,   0.014,   0.171,   0.108,   0.113,   0.006,   0.098,   0.001,   0.001,   0.064,   0.004,   0.009,   0.007,   0.001,   0.119,   0.002,   0.000,   0.000,   0.000
   11,    6,   11,    1,  0.129393,   10,   0.000,   0.044,   0.146,   0.000,   0.102,   0.000,   0.012,   0.000,   0.000,   0.044,   0.000,   0.004,   0.000,   0.023,   0.379,   0.000,   0.000,   0.058,   0.000,   0.117,   0.000,   0.000,   0.000,   0.000,   0.000,   0.000,   0.000,   0.000,   0.000,   0.071,   0.000
   12,    6,   12,    1,  0.824652,   10,   0.000,   0.000,   0.000,   0.000,   0.017,   0.144,   0.034,   0.111,   0.034,   0.043,   0.051,   0.000,   0.051,   0.009,   0.000,   0.034,   0.009,   0.000,   0.000,   0.000,   0.034,   0.051,   0.000,   0.119,   0.060,   0.000,   0.000,   0.000,   0.201,   0.000,   0.000
   13,    6,   13,    1,  0.690600,   10,   0.148,   0.000,   0.000,   0.000,   0.000,   0.000,   0.000,   0.056,   0.000,   0.000,   0.000,   0.000,   0.000,   0.000,   0.000,   0.000,   0.000,   0.100,   0.080,   0.293,   0.000,   0.000,   0.000,   0.000,   0.097,   0.048,   0.178,   0.000,   0.000,   0.000,   0.000
   14,    6,   14,    1,  0.346049,   10,   0.018,   0.005,   0.000,   0.000,   0.000,   0.319,   0.077,   0.008,   0.000,   0.000,   0.029,   0.002,   0.142,   0.003,   0.005,   0.000,   0.002,   0.000,   0.058,   0.104,   0.098,   0.054,   0.064,   0.000,   0.000,   0.000,   0.000,   0.000,   0.000,   0.015,   0.000
   15,    6,   15,    1,  0.001090,   10,   0.000,   0.034,   0.000,   0.000,   0.000,   0.029,   0.000,   0.000,   0.000,   0.000,   0.000,   0.000,   0.000,   0.000,   0.161,   0.051,   0.093,   0.042,   0.079,   0.259,   0.006,   0.028,   0.039,   0.000,   0.010,   0.010,   0.000,   0.161,   0.000,   0.000,   0.000
   16,    6,   16,    1,  0.489992,   10,   0.009,   0.000,   0.054,   0.000,   0.000,   0.012,   0.032,   0.009,   0.011,   0.000,   0.000,   0.000,   0.277,   0.163,   0.005,   0.036,   0.012,   0.000,   0.122,   0.005,   0.009,   0.167,   0.043,   0.014,   0.000,   0.009,   0.000,   0.000,   0.012,   0.000,   0.000
   17,    6,   17,    1,  0.914907,   10,   0.000,   0.000,   0.000,   0.005,   0.000,   0.000,   0.014,   0.009,   0.020,   0.004,   0.000,   0.000,   0.018,   0.000,   0.035,   0.004,   0.064,   0.102,   0.092,   0.374,   0.000,   0.000,   0.000,   0.000,   0.078,   0.047,   0.079,   0.053,   0.000,   0.004,   0.000
   18,    6,   18,    1,  0.447849,   10,   0.012,   0.024,   0.037,   0.027,   0.011,   0.012,   0.000,   0.002,   0.006,   0.000,   0.000,   0.034,   0.004,   0.009,   0.022,   0.022,   0.164,   0.024,   0.032,   0.000,   0.124,   0.001,   0.018,   0.009,   0.070,   0.078,   0.007,   0.011,   0.219,   0.018,   0.000
    1,    7,    1,    1,  0.688276,   10,   0.000,   0.000,   0.000,   0.000,   0.000,   0.000,   0.034,   0.000,   0.000,   0.000,   0.000,   0.000,   0.000,   0.621,   0.000,   0.138,   0.172,   0.000,   0.000,   0.000,   0.000,   0.000,   0.000,   0.000,   0.000,   0.000,   0.000,   0.000,   0.034,   0.000,   0.000
    2,    7,    2,    1,  0.271522,   10,   0.000,   0.000,   0.000,   0.000,   0.000,   0.192,   0.100,   0.000,   0.050,   0.038,   0.000,   0.000,   0.000,   0.226,   0.019,   0.000,   0.122,   0.000,   0.000,   0.064,   0.057,   0.000,   0.000,   0.024,   0.000,   0.000,   0.000,   0.007,   0.058,   0.000,   0.043
    3,    7,    3,    1,  0.997882,   10,   0.087,   0.000,   0.000,   0.000,   0.000,   0.000,   0.165,   0.000,   0.000,   0.011,   0.000,   0.000,   0.000,   0.000,   0.000,   0.014,   0.159,   0.000,   0.000,   0.000,   0.000,   0.000,   0.014,   0.019,   0.258,   0.000,   0.159,   0.000,   0.070,   0.043,   0.000
    4,    7,    4,    1,  0.231034,   10,   0.023,   0.000,   0.000,   0.000,   0.000,   0.000,   0.000,   0.000,   0.175,   0.000,   0.000,   0.000,   0.000,   0.000,   0.000,   0.000,   0.000,   0.000,   0.000,   0.000,   0.000,   0.660,   0.000,   0.000,   0.000,   0.000,   0.026,   0.000,   0.116,   0.000,   0.000
    5,    7,    5,    1,  0.639188,   10,   0.008,   0.000,   0.000,   0.000,   0.000,   0.092,   0.034,   0.008,   0.042,   0.017,   0.025,   0.025,   0.008,   0.008,   0.059,   0.008,   0.000,   0.000,   0.000,   0.000,   0.008,   0.008,   0.050,   0.008,   0.328,   0.008,   0.008,   0.042,   0.193,   0.008,   0.000
    6,    7,    6,    1,  0.265477,   10,   0.000,   0.000,   0.007,   0.000,   0.015,   0.000,   0.000,   0.005,   0.008,   0.073,   0.000,   0.055,   0.000,   0.000,   0.000,   0.000,   0.000,   0.183,   0.536,   0.027,   0.007,   0.013,   0.039,   0.001,   0.001,   0.001,   0.000,   0.000,   0.000,   0.028,   0.000
    7,    7,    7,    1,  0.676270,   10,   0.000,   0.000,   0.000,   0.000,   0.000,   0.644,   0.000,   0.000,   0.000,   0.010,   0.029,   0.000,   0.000,   0.000,   0.000,   0.029,   0.010,   0.000,   0.000,   0.192,   0.000,   0.029,   0.010,   0.010,   0.010,   0.010,   0.019,   0.000,   0.000,   0.000,   0.000
    8,    7,    8,    1,  0.916688,   10,   0.000,   0.000,   0.200,   0.000,   0.000,   0.114,   0.000,   0.000,   0.000,   0.354,   0.000,   0.046,   0.000,   0.000,   0.000,   0.000,   0.000,   0.101,   0.000,   0.040,   0.008,   0.000,   0.000,   0.046,   0.000,   0.000,   0.000,   0.025,   0.000,   0.000,   0.067
    9,    7,    9,    1,  0.962762,   10,   0.002,   0.178,   0.062,   0.009,   0.030,   0.029,   0.011,   0.002,   0.121,   0.062,   0.009,   0.005,   0.032,   0.251,   0.130,   0.004,   0.000,   0.014,   0.007,   0.020,   0.014,   0.000,   0.000,   0.004,   0.000,   0.000,   0.000,   0.000,   0.000,   0.005,   0.000
   10,    7,   10,    1,  0.021942,   10,   0.107,   0.000,   0.000,   0.000,   0.112,   0.000,   0.000,   0.632,   0.010,   0.004,   0.000,   0.000,   0.000,   0.000,   0.000,   0.000,   0.000,   0.000,   0.000,   0.000,   0.000,   0.023,   0.000,   0.000,   0.000,   0.000,   0.000,   0.000,   0.000,   0.000,   0.112
   11,    7,   11,    1,  0.809076,   10,   0.000,   0.000,   0.000,   0.000,   0.000,   0.000,   0.000,   0.000,   0.112,   0.033,   0.000,   0.000,   0.000,   0.000,   0.000,   0.000,   0.000,   0.176,   0.000,   0.000,   0.000,   0.000,   0.518,   0.016,   0.042,   0.047,   0.000,   0.000,   0.056,   0.000,   0.000
   12,    7,   12,    1,  0.890004,   10,   0.137,   0.059,   0.127,   0.029,   0.088,   0.020,   0.010,   0.098,   0.000,   0.127,   0.010,   0.000,   0.206,   0.039,   0.000,   0.010,   0.000,   0.000,   0.000,   0.000,   0.000,   0.000,   0.000,   0.000,   0.000,   0.010,   0.000,   0.000,   0.000,   0.000,   0.029
   13,    7,   13,    1,  0.655337,   10,   0.000,   0.000,   0.000,   0.000,   0.000,   0.000,   0.000,   0.000,   0.000,   0.000,   0.000,   0.000,   0.000,   0.000,   0.000,   0.000,   0.000,   0.000,   0.000,   0.000,   0.000,   0.000,   0.000,   0.000,   0.000,   0.000,   0.000,   0.000,   0.000,   0.000,   0.000
   14,    7,   14,    1,  0.409131,   10,   0.061,   0.197,   0.007,   0.000,   0.000,   0.000,   0.000,   0.000,   0.000,   0.000,   0.000,   0.014,   0.000,   0.014,   0.058,   0.000,   0.000,   0.000,   0.004,   0.031,   0.044,   0.064,   0.319,   0.026,   0.000,   0.006,   0.057,   0.000,   0.004,   0.086,   0.007
   15,    7,   15,    1,  0.973726,   10,   0.000,   0.000,   0.000,   0.000,   0.057,   0.000,   0.000,   0.000,   0.145,   0.127,   0.000,   0.000,   0.000,   0.000,   0.000,   0.000,   0.000,   0.000,   0.000,   0.000,   0.031,   0.000,   0.000,   0.183,   0.057,   0.000,   0.000,   0.369,   0.031,   0.000,   0.000
   16,    7,   16,    1,  0.599576,   10,   0.076,   0.000,   0.036,   0.029,   0.078,   0.238,   0.004,   0.000,   0.000,   0.000,   0.038,   0.000,   0.113,   0.000,   0.000,   0.000,   0.014,   0.007,   0.000,   0.051,   0.000,   0.061,   0.072,   0.004,   0.002,   0.040,   0.000,   0.008,   0.101,   0.015,   0.012
   17,    7,   17,    1,  0.910974,   10,   0.000,   0.010,   0.077,   0.010,   0.010,   0.074,   0.060,   0.008,   0.105,   0.003,   0.000,   0.015,   0.161,   0.000,   0.097,   0.023,   0.024,   0.134,   0.003,   0.000,   0.000,   0.000,   0.121,   0.000,   0.000,   0.020,   0.008,   0.003,   0.023,   0.003,   0.010
   18,    7,   18,    1,  0.587650,   10,   0.005,   0.008,   0.012,   0.014,   0.016,   0.051,   0.060,   0.075,   0.004,   0.002,   0.001,   0.002,   0.003,   0.121,   0.005,   0.008,   0.003,   0.171,   0.008,   0.050,   0.008,   0.013,   0.012,   0.014,   0.062,   0.087,   0.011,   0.004,   0.008,   0.006,   0.156
    1,    8,    1,    1,  0.624988,   10,   0.000,   0.000,   0.000,   0.000,   0.000,   0.000,   0.078,   0.000,   0.000,   0.137,   0.000,   0.000,   0.000,   0.000,   0.000,   0.000,   0.020,   0.000,   0.000,   0.000,   0.000,   0.000,   0.000,   0.314,   0.275,   0.000,   0.000,   0.098,   0.059,   0.020,   0.000
    2,    8,    2,    1,  0.964788,   10,   0.299,   0.015,   0.000,   0.030,   0.015,   0.015,   0.075,   0.000,   0.000,   0.000,   0.000,   0.000,   0.000,   0.000,   0.015,   0.000,   0.000,   0.134,   0.149,   0.015,   0.000,   0.000,   0.000,   0.075,   0.075,   0.075,   0.015,   0.000,   0.000,   0.000,   0.000
    3,    8,    3,    1,  0.260248,   10,   0.010,   0.000,   0.000,   0.000,   0.132,   0.000,   0.000,   0.103,   0.172,   0.000,   0.000,   0.000,   0.000,   0.000,   0.000,   0.000,   0.000,   0.000,   0.000,   0.000,   0.167,   0.000,   0.000,   0.000,   0.000,   0.000,   0.127,   0.064,   0.226,   0.000,   0.000
    4,    8,    4,    1,  0.221423,   10,   0.000,   0.000,   0.000,   0.000,   0.000,   0.000,   0.000,   0.000,   0.000,   0.000,   0.000,   0.761,   0.005,   0.000,   0.000,   0.000,   0.026,   0.000,   0.000,   0.000,   0.000,   0.000,   0.000,   0.000,   0.000,   0.000,   0.000,   0.090,   0.007,   0.047,   0.064
    5,    8,    5,    1,  0.539121,   10,   0.002,   0.008,   0.002,   0.002,   0.008,   0.002,   0.000,   0.287,   0.018,   0.097,   0.002,   0.093,   0.004,   0.093,   0.177,   0.132,   0.002,   0.019,   0.000,   0.000,   0.000,   0.027,   0.006,   0.000,   0.000,   0.000,   0.000,   0.000,   0.000,   0.002,   0.018
    6,    8,    6,    1,  0.015463,   10,   0.091,   0.014,   0.008,   0.000,   0.044,   0.012,   0.023,   0.002,   0.012,   0.035,   0.007,   0.167,   0.000,   0.055,   0.050,   0.011,   0.007,   0.002,   0.000,   0.092,   0.039,   0.075,   0.100,   0.023,   0.000,   0.000,   0.000,   0.022,   0.003,   0.039,   0.068
    7,    8,    7,    1,  0.833720,   10,   0.015,   0.000,   0.000,   0.000,   0.000,   0.000,   0.015,   0.015,   0.000,   0.000,   0.200,   0.108,   0.108,   0.077,   0.031,   0.062,   0.092,   0.000,   0.000,   0.000,   0.031,   0.000,   0.000,   0.000,   0.015,   0.123,   0.015,   0.000,   0.062,   0.000,   0.031
    8,    8,    8,    1,  0.011554,   10,   0.176,   0.000,   0.010,   0.000,   0.000,   0.000,   0.000,   0.014,   0.060,   0.000,   0.000,   0.000,   0.000,   0.000,   0.293,   0.015,   0.024,   0.000,   0.000,   0.000,   0.000,   0.360,   0.000,   0.000,   0.000,   0.010,   0.000,   0.000,   0.004,   0.000,   0.032
    9,    8,    9,    1,  0.291671,   10,   0.100,   0.100,   0.000,   0.000,   0.000,   0.000,   0.000,   0.000,   0.000,   0.000,   0.000,   0.000,   0.000,   0.000,   0.000,   0.000,   0.000,   0.000,   0.100,   0.200,   0.000,   0.000,   0.000,   0.100,   0.100,   0.100,   0.100,   0.000,   0.100,   0.000,   0.000
   10,    8,   10,    1,  0.940611,   10,   0.000,   0.022,   0.178,   0.089,   0.037,   0.007,   0.022,   0.000,   0.000,   0.000,   0.252,   0.007,   0.007,   0.015,   0.052,   0.000,   0.030,   0.030,   0.022,   0.148,   0.015,   0.007,   0.000,   0.000,   0.000,   0.000,   0.000,   0.000,   0.000,   0.000,   0.059
   11,    8,   11,    1,  0.807029,   10,   0.000,   0.000,   0.026,   0.000,   0.000,   0.069,   0.180,   0.019,   0.000,   0.002,   0.000,   0.000,   0.010,   0.000,   0.000,   0.000,   0.000,   0.000,   0.000,   0.000,   0.000,   0.000,   0.000,   0.000,   0.000,   0.000,   0.163,   0.375,   0.156,   0.000,   0.000
   12,    8,   12,    1,  0.514778,   10,   0.000,   0.000,   0.070,   0.060,   0.070,   0.030,   0.010,   0.000,   0.000,   0.000,   0.290,   0.000,   0.020,   0.000,   0.110,   0.000,   0.050,   0.010,   0.020,   0.190,   0.020,   0.000,   0.000,   0.000,   0.000,   0.000,   0.010,   0.000,   0.000,   0.000,   0.040
   13,    8,   13,    1,  0.032074,   10,   0.000,   0.241,   0.000,   0.000,   0.000,   0.000,   0.000,   0.000,   0.000,   0.046,   0.000,   0.000,   0.000,   0.000,   0.030,   0.000,   0.039,   0.000,   0.462,   0.000,   0.089,   0.000,   0.000,   0.000,   0.000,   0.000,   0.000,   0.041,   0.000,   0.000,   0.052
   14,    8,   14,    1,  0.056015,   10,   0.015,   0.000,   0.013,   0.001,   0.006,   0.001,   0.000,   0.031,   0.002,   0.161,   0.093,   0.297,   0.001,   0.000,   0.001,   0.014,   0.009,   0.000,   0.000,   0.000,   0.000,   0.000,   0.005,   0.007,   0.000,   0.010,   0.001,   0.003,   0.116,   0.163,   0.049
   15,    8,   15,    1,  0.793522,   10,   0.000,   0.123,   0.084,   0.104,   0.013,   0.000,   0.009,   0.062,   0.018,   0.000,   0.023,   0.000,   0.000,   0.009,   0.000,   0.035,   0.022,   0.000,   0.000,   0.000,   0.035,   0.009,   0.000,   0.000,   0.000,   0.022,   0.291,   0.013,   0.016,   0.095,   0.018
   16,    8,   16,    1,  0.522574,   10,   0.000,   0.000,   0.398,   0.000,   0.000,   0.200,   0.140,   0.153,   0.000,   0.000,   0.004,   0.000,   0.000,   0.000,   0.000,   0.000,   0.000,   0.000,   0.000,   0.000,   0.016,   0.013,   0.000,   0.000,   0.050,   0.000,   0.000,   0.025,   0.000,   0.000,   0.000
   17,    8,   17,    1,  0.828982,   10,   0.034,   0.018,   0.017,   0.018,   0.047,   0.000,   0.000,   0.035,   0.000,   0.000,   0.005,   0.079,   0.000,   0.114,   0.000,   0.006,   0.000,   0.049,   0.006,   0.038,   0.040,   0.000,   0.054,   0.096,   0.123,   0.008,   0.153,   0.012,   0.015,   0.021,   0.014
   18,    8,   18,    1,  0.703901,   10,   0.000,   0.002,   0.021,   0.031,   0.012,   0.001,   0.000,   0.098,   0.553,   0.003,   0.000,   0.001,   0.001,   0.000,   0.001,   0.000,   0.003,   0.000,   0.001,   0.002,   0.008,   0.000,   0.009,   0.035,   0.145,   0.002,   0.008,   0.000,   0.003,   0.033,   0.026
    1,    9,    1,    1,  0.294632,   10,   0.000,   0.000,   0.000,   0.000,   0.077,   0.923,   0.000,   0.000,   0.000,   0.000,   0.000,   0.000,   0.000,   0.000,   0.000,   0.000,   0.000,   0.000,   0.000,   0.000,   0.000,   0.000,   0.000,   0.000,   0.000,   0.000,   0.000,   0.000,   0.000,   0.000,   0.000
    2,    9,    2,    1,  0.158773,   10,   0.000,   0.000,   0.000,   0.000,   0.000,   0.000,   0.000,   0.152,   0.046,   0.025,   0.000,   0.000,   0.255,   0.213,   0.121,   0.007,   0.000,   0.000,   0.000,   0.078,   0.000,   0.052,   0.000,   0.000,   0.000,   0.021,   0.000,   0.025,   0.000,   0.006,   0.000
    3,    9,    3,    1,  0.452451,   10,   0.021,   0.063,   0.107,   0.000,   0.000,   0.000,   0.000,   0.001,   0.000,   0.016,   0.000,   0.012,   0.012,   0.000,   0.033,   0.266,   0.013,   0.000,   0.003,   0.001,   0.029,   0.000,   0.000,   0.296,   0.060,   0.000,   0.037,   0.014,   0.017,   0.000,   0.000
    4,    9,    4,    1,  0.289982,   10,   0.000,   0.032,   0.096,   0.011,   0.030,   0.268,   0.213,   0.037,   0.043,   0.156,   0.000,   0.000,   0.000,   0.000,   0.000,   0.007,   0.000,   0.000,   0.000,   0.000,   0.055,   0.000,   0.000,   0.000,   0.000,   0.000,   0.000,   0.021,   0.030,   0.000,   0.000
    5,    9,    5,    1,  0.487110,   10,   0.003,   0.000,   0.000,   0.000,   0.000,   0.041,   0.246,   0.006,   0.006,   0.000,   0.003,   0.000,   0.000,   0.000,   0.000,   0.012,   0.108,   0.009,   0.000,   0.088,   0.000,   0.000,   0.000,   0.067,   0.000,   0.000,   0.378,   0.032,   0.000,   0.000,   0.000
    6,    9,    6,    1,  0.377440,   10,   0.000,   0.000,   0.000,   0.000,   0.000,   0.000,   0.000,   0.000,   0.000,   0.094,   0.341,   0.000,   0.027,   0.040,   0.057,   0.070,   0.007,   0.000,   0.007,   0.134,   0.161,   0.000,   0.000,   0.003,   0.017,   0.007,   0.000,   0.000,   0.037,   0.000,   0.000
    7,    9,    7,    1,  0.918753,   10,   0.000,   0.129,   0.172,   0.000,   0.000,   0.095,   0.000,   0.009,   0.000,   0.000,   0.000,   0.026,   0.000,   0.026,   0.009,   0.043,   0.026,   0.017,   0.000,   0.009,   0.043,   0.310,   0.017,   0.009,   0.009,   0.026,   0.009,   0.009,   0.000,   0.009,   0.000
    8,    9,    8,    1,  0.053540,   10,   0.085,   0.000,   0.000,   0.034,   0.068,   0.097,   0.011,   0.022,   0.000,   0.000,   0.057,   0.025,   0.025,   0.051,   0.085,   0.011,   0.000,   0.000,   0.111,   0.014,   0.000,   0.000,   0.053,   0.000,   0.000,   0.127,   0.000,   0.000,   0.000,   0.124,   0.000
    9,    9,    9,    1,  0.596452,   10,   0.169,   0.010,   0.077,   0.140,   0.039,   0.000,   0.000,   0.000,   0.000,   0.005,   0.000,   0.000,   0.000,   0.000,   0.000,   0.010,   0.005,   0.188,   0.005,   0.000,   0.000,   0.034,   0.150,   0.014,   0.005,   0.039,   0.106,   0.005,   0.000,   0.000,   0.000
   10,    9,   10,    1,  0.414585,   10,   0.159,   0.106,   0.000,   0.026,   0.009,   0.053,   0.026,   0.000,   0.018,   0.000,   0.000,   0.071,   0.115,   0.044,   0.000,   0.026,   0.133,   0.026,   0.035,   0.009,   0.000,   0.000,   0.000,   0.000,   0.000,   0.000,   0.000,   0.000,   0.009,   0.133,   0.000
   11,    9,   11,    1,  0.707304,   10,   0.000,   0.000,   0.295,   0.000,   0.000,   0.000,   0.002,   0.000,   0.250,   0.125,   0.019,   0.222,   0.000,   0.000,   0.000,   0.000,   0.017,   0.000,   0.000,   0.000,   0.000,   0.000,   0.000,   0.004,   0.000,   0.000,   0.000,   0.066,   0.000,   0.000,   0.000
   12,    9,   12,    1,  0.289361,   10,   0.000,   0.060,   0.141,   0.000,   0.015,   0.000,   0.000,   0.015,   0.035,   0.005,   0.050,   0.000,   0.025,   0.085,   0.271,   0.020,   0.005,   0.015,   0.000,   0.015,   0.000,   0.000,   0.010,   0.015,   0.015,   0.065,   0.025,   0.000,   0.020,   0.090,   0.000
   13,    9,   13,    1,  0.521352,   10,   0.000,   0.000,   0.000,   0.000,   0.000,   0.000,   0.000,   0.000,   0.000,   0.000,   0.000,   0.000,   0.000,   0.000,   0.000,   0.000,   0.000,   1.000,   0.000,   0.000,   0.000,   0.000,   0.000,   0.000,   0.000,   0.000,   0.000,   0.000,   0.000,   0.000,   0.000
   14,    9,   14,    1,  0.627764,   10,   0.426,   0.021,   0.007,   0.000,   0.002,   0.036,   0.068,   0.006,   0.000,   0.000,   0.009,   0.000,   0.063,   0.000,   0.155,   0.000,   0.069,   0.058,   0.000,   0.025,   0.003,   0.011,   0.013,   0.000,   0.000,   0.000,   0.000,   0.007,   0.003,   0.018,   0.000
   15,    9,   15,    1,  0.140412,   10,   0.000,   0.024,   0.081,   0.269,   0.078,   0.149,   0.024,   0.116,   0.027,   0.000,   0.000,   0.012,   0.009,   0.000,   0.000,   0.000,   0.036,   0.048,   0.015,   0.021,   0.000,   0.000,   0.000,   0.000,   0.000,   0.000,   0.000,   0.000,   0.000,   0.093,   0.000
   16,    9,   16,    1,  0.601061,   10,   0.000,   0.024,   0.002,   0.130,   0.012,   0.008,   0.065,   0.000,   0.000,   0.140,   0.006,   0.077,   0.002,   0.042,   0.125,   0.069,   0.022,   0.033,   0.006,   0.000,   0.000,   0.000,   0.000,   0.002,   0.140,   0.000,   0.093,   0.000,   0.000,   0.000,   0.000
   17,    9,   17,    1,  0.125890,   10,   0.000,   0.000,   0.000,   0.000,   0.029,   0.000,   0.000,   0.000,   0.000,   0.042,   0.000,   0.000,   0.000,   0.000,   0.000,   0.000,   0.000,   0.565,   0.042,   0.042,   0.000,   0.144,   0.000,   0.066,   0.000,   0.018,   0.000,   0.009,   0.042,   0.000,   0.000
   18,    9,   18,    1,  0.727520,   10,   0.004,   0.016,   0.009,   0.027,   0.018,   0.000,   0.010,   0.015,   0.000,   0.018,   0.083,   0.119,   0.303,   0.034,   0.000,   0.017,   0.097,   0.065,   0.008,   0.005,   0.000,   0.004,   0.056,   0.026,   0.005,   0.000,   0.000,   0.005,   0.019,   0.037,   0.000
    1,   10,    1,    1,  0.669391,   10,   0.000,   0.049,   0.060,   0.000,   0.000,   0.000,   0.099,   0.011,   0.000,   0.000,   0.000,   0.000,   0.000,   0.000,   0.016,   0.000,   0.049,   0.000,   0.423,   0.016,   0.000,   0.000,   0.000,   0.038,   0.203,   0.027,   0.000,   0.000,   0.000,   0.000,   0.005
    2,   10,    2,    1,  0.953380,   10,   0.000,   0.027,   0.015,   0.002,   0.001,   0.019,   0.009,   0.008,   0.038,   0.008,   0.014,   0.179,   0.011,   0.007,   0.022,   0.033,   0.001,   0.231,   0.043,   0.000,   0.040,   0.005,   0.047,   0.006,   0.002,   0.015,   0.005,   0.000,   0.065,   0.069,   0.080
    3,   10,    3,    1,  0.852247,   10,   0.049,   0.004,   0.000,   0.000,   0.000,   0.000,   0.000,   0.000,   0.000,   0.000,   0.000,   0.087,   0.000,   0.000,   0.000,   0.000,   0.000,   0.000,   0.000,   0.000,   0.000,   0.226,   0.019,   0.083,   0.019,   0.000,   0.000,   0.000,   0.324,   0.075,   0.113
    4,   10,    4,    1,  0.477344,   10,   0.000,   0.000,   0.000,   0.000,   0.091,   0.052,   0.018,   0.000,   0.097,   0.034,   0.057,   0.012,   0.087,   0.105,   0.021,   0.026,   0.090,   0.000,   0.000,   0.000,   0.000,   0.000,   0.000,   0.288,   0.000,   0.000,   0.000,   0.000,   0.012,   0.000,   0.011
    5,   10,    5,    1,  0.333565,   10,   0.135,   0.002,   0.000,   0.012,   0.000,   0.005,   0.076,   0.169,   0.002,   0.000,   0.002,   0.003,   0.005,   0.000,   0.003,   0.030,   0.008,   0.000,   0.028,   0.009,   0.000,   0.149,   0.265,   0.059,   0.000,   0.000,   0.003,   0.000,   0.009,   0.022,   0.006
    6,   10,    6,    1,  0.251132,   10,   0.000,   0.001,   0.001,   0.027,   0.001,   0.030,   0.003,   0.006,   0.026,   0.008,   0.012,   0.150,   0.019,   0.014,   0.013,   0.106,   0.001,   0.201,   0.051,   0.001,   0.063,   0.006,   0.026,   0.001,   0.003,   0.012,   0.013,   0.000,   0.082,   0.051,   0.073
    7,   10,    7,    1,  0.298205,   10,   0.092,   0.015,   0.092,   0.354,   0.023,   0.000,   0.000,   0.000,   0.008,   0.008,   0.000,   0.038,   0.023,   0.046,   0.008,   0.015,   0.000,   0.031,   0.015,   0.015,   0.000,   0.000,   0.000,   0.054,   0.023,   0.062,   0.054,   0.000,   0.000,   0.023,   0.000
    8,   10,    8,    1,  0.068004,   10,   0.039,   0.000,   0.000,   0.225,   0.449,   0.000,   0.058,   0.000,   0.000,   0.000,   0.014,   0.000,   0.000,   0.000,   0.000,   0.000,   0.000,   0.103,   0.000,   0.000,   0.000,   0.000,   0.000,   0.000,   0.017,   0.033,   0.000,   0.000,   0.062,   0.000,   0.000
    9,   10,    9,    1,  0.943447,   10,   0.019,   0.000,   0.037,   0.019,   0.000,   0.000,   0.000,   0.000,   0.000,   0.000,   0.056,   0.000,   0.000,   0.000,   0.000,   0.000,   0.000,   0.000,   0.074,   0.000,   0.019,   0.111,   0.074,   0.000,   0.074,   0.241,   0.019,   0.222,   0.000,   0.019,   0.019
   10,   10,   10,    1,  0.419316,   10,   0.056,   0.000,   0.000,   0.000,   0.000,   0.000,   0.000,   0.000,   0.000,   0.000,   0.000,   0.000,   0.000,   0.000,   0.000,   0.000,   0.000,   0.000,   0.319,   0.000,   0.000,   0.000,   0.000,   0.333,   0.014,   0.000,   0.014,   0.097,   0.167,   0.000,   0.000
   11,   10,   11,    1,  0.169282,   10,   0.000,   0.005,   0.009,   0.009,   0.075,   0.005,   0.000,   0.132,   0.000,   0.023,   0.005,   0.108,   0.000,   0.000,   0.056,   0.056,   0.014,   0.070,   0.150,   0.033,   0.136,   0.009,   0.089,   0.005,   0.000,   0.005,   0.000,   0.000,   0.005,   0.000,   0.000
   12,   10,   12,    1,  0.940325,   10,   0.180,   0.006,   0.056,   0.202,   0.006,   0.000,   0.000,   0.000,   0.039,   0.000,   0.006,   0.006,   0.000,   0.315,   0.006,   0.000,   0.000,   0.017,   0.017,   0.000,   0.000,   0.000,   0.000,   0.017,   0.006,   0.062,   0.056,   0.000,   0.000,   0.006,   0.000
   13,   10,   13,    1,  0.875734,   10,   0.000,   0.000,   0.000,   0.000,   0.000,   0.095,   0.000,   0.000,   0.000,   0.000,   0.000,   0.000,   0.000,   0.000,   0.015,   0.000,   0.109,   0.060,   0.000,   0.000,   0.084,   0.025,   0.000,   0.338,   0.111,   0.093,   0.070,   0.000,   0.000,   0.000,   0.000
   14,   10,   14,    1,  0.011641,   10,   0.015,   0.000,   0.001,   0.040,   0.000,   0.000,   0.016,   0.000,   0.016,   0.000,   0.075,   0.077,   0.109,   0.154,   0.000,   0.000,   0.000,   0.040,   0.022,   0.000,   0.000,   0.014,   0.166,   0.041,   0.029,   0.087,   0.009,   0.000,   0.000,   0.081,   0.007
   15,   10,   15,    1,  0.621190,   10,   0.022,   0.000,   0.260,   0.036,   0.074,   0.172,   0.000,   0.000,   0.000,   0.000,   0.000,   0.034,   0.000,   0.059,   0.000,   0.000,   0.000,   0.000,   0.066,   0.170,   0.000,   0.000,   0.041,   0.000,   0.000,   0.000,   0.000,   0.000,   0.000,   0.065,   0.000
   16,   10,   16,    1,  0.102247,   10,   0.017,   0.001,   0.000,   0.006,   0.000,   0.055,   0.061,   0.092,   0.058,   0.081,   0.029,   0.046,   0.000,   0.000,   0.009,   0.000,   0.000,   0.017,   0.075,   0.121,   0.038,   0.116,   0.000,   0.000,   0.020,   0.000,   0.020,   0.017,   0.020,   0.015,   0.087
   17,   10,   17,    1,  0.213649,   10,   0.000,   0.000,   0.000,   0.000,   0.080,   0.013,   0.000,   0.000,   0.077,   0.000,   0.000,   0.000,   0.000,   0.000,   0.000,   0.000,   0.000,   0.052,   0.000,   0.000,   0.025,   0.019,   0.160,   0.000,   0.000,   0.000,   0.323,   0.000,   0.016,   0.188,   0.048
   18,   10,   18,    1,  0.147641,   10,   0.013,   0.031,   0.002,   0.007,   0.005,   0.029,   0.062,   0.059,   0.000,   0.014,   0.033,   0.005,   0.000,   0.000,   0.007,   0.012,   0.006,   0.002,   0.073,   0.121,   0.023,   0.041,   0.017,   0.007,   0.005,   0.001,   0.020,   0.006,   0.014,   0.218,   0.170
    1,   11,    1,    1,  0.223838,   10,   0.000,   0.000,   0.000,   0.038,   0.000,   0.004,   0.050,   0.201,   0.054,   0.000,   0.013,   0.067,   0.004,   0.008,   0.117,   0.013,   0.054,   0.000,   0.000,   0.067,   0.113,   0.017,   0.042,   0.067,   0.008,   0.000,   0.021,   0.000,   0.042,   0.000,   0.000
    2,   11,    2,    1,  0.464923,   10,   0.010,   0.005,   0.021,   0.123,   0.131,   0.049,   0.022,   0.011,   0.005,   0.005,   0.000,   0.000,   0.004,   0.051,   0.107,   0.080,   0.133,   0.029,   0.013,   0.107,   0.003,   0.000,   0.000,   0.005,   0.005,   0.015,   0.000,   0.008,   0.046,   0.013,   0.000
    3,   11,    3,    1,  0.639761,   10,   0.000,   0.018,   0.064,   0.000,   0.000,   0.058,   0.004,   0.111,   0.039,   0.000,   0.000,   0.000,   0.059,   0.000,   0.000,   0.000,   0.108,   0.000,   0.000,   0.119,   0.000,   0.000,   0.000,   0.000,   0.039,   0.070,   0.180,   0.084,   0.000,   0.045,   0.000
    4,   11,    4,    1,  0.602891,   10,   0.033,   0.000,   0.000,   0.000,   0.044,   0.033,   0.181,   0.061,   0.000,   0.000,   0.010,   0.000,   0.000,   0.000,   0.000,   0.000,   0.023,   0.044,   0.171,   0.016,   0.082,   0.013,   0.007,   0.002,   0.066,   0.113,   0.016,   0.000,   0.038,   0.046,   0.000
    5,   11,    5,    1,  0.890805,   10,   0.045,   0.113,   0.012,   0.009,   0.000,   0.001,   0.027,   0.146,   0.000,   0.000,   0.000,   0.016,   0.000,   0.000,   0.000,   0.000,   0.201,   0.023,   0.001,   0.001,   0.001,   0.000,   0.030,   0.000,   0.000,   0.007,   0.007,   0.001,   0.276,   0.080,   0.000
    6,   11,    6,    1,  0.342882,   10,   0.022,   0.008,   0.001,   0.000,   0.002,   0.046,   0.025,   0.014,   0.000,   0.001,   0.041,   0.037,   0.022,   0.025,   0.003,   0.012,   0.007,   0.001,   0.004,   0.023,   0.023,   0.000,   0.217,   0.183,   0.046,   0.009,   0.000,   0.094,   0.135,   0.003,   0.000
    7,   11,    7,    1,  0.613311,   10,   0.000,   0.000,   0.051,   0.133,   0.010,   0.010,   0.010,   0.010,   0.051,   0.255,   0.143,   0.051,   0.000,   0.112,   0.061,   0.010,   0.000,   0.000,   0.000,   0.010,   0.031,   0.000,   0.000,   0.010,   0.010,   0.000,   0.000,   0.000,   0.010,   0.020,   0.000
    8,   11,    8,    1,  0.015985,   10,   0.000,   0.051,   0.000,   0.000,   0.000,   0.296,   0.000,   0.000,   0.000,   0.099,   0.000,   0.000,   0.184,   0.013,   0.020,   0.000,   0.032,   0.000,   0.000,   0.209,   0.042,   0.013,   0.000,   0.000,   0.000,   0.000,   0.012,   0.030,   0.000,   0.000,   0.000
    9,   11,    9,    1,  0.862258,   10,   0.030,   0.000,   0.030,   0.041,   0.183,   0.118,   0.006,   0.006,   0.000,   0.000,   0.000,   0.000,   0.000,   0.089,   0.036,   0.041,   0.136,   0.024,   0.006,   0.142,   0.006,   0.024,   0.000,   0.000,   0.024,   0.000,   0.006,   0.006,   0.047,   0.000,   0.000
   10,   11,   10,    1,  0.826405,   10,   0.004,   0.004,   0.000,   0.008,   0.000,   0.000,   0.012,   0.004,   0.035,   0.043,   0.031,   0.020,   0.043,   0.016,   0.180,   0.027,   0.121,   0.090,   0.176,   0.020,   0.000,   0.000,   0.051,   0.000,   0.004,   0.012,   0.004,   0.039,   0.039,   0.020,   0.000
   11,   11,   11,    1,  0.411643,   10,   0.309,   0.259,   0.000,   0.000,   0.040,   0.000,   0.000,   0.015,   0.047,   0.000,   0.000,   0.085,   0.000,   0.014,   0.053,   0.017,   0.000,   0.000,   0.041,   0.000,   0.000,   0.000,   0.000,   0.000,   0.040,   0.000,   0.000,   0.000,   0.009,   0.071,   0.000
   12,   11,   12,    1,  0.786972,   10,   0.000,   0.000,   0.000,   0.000,   0.000,   0.000,   0.032,   0.009,   0.023,   0.004,   0.050,   0.014,   0.018,   0.041,   0.167,   0.068,   0.090,   0.077,   0.059,   0.059,   0.004,   0.000,   0.100,   0.014,   0.004,   0.023,   0.000,   0.059,   0.036,   0.050,   0.000
   13,   11,   13,    1,  0.866578,   10,   0.000,   0.083,   0.000,   0.000,   0.000,   0.000,   0.000,   0.026,   0.000,   0.000,   0.000,   0.112,   0.000,   0.000,   0.000,   0.042,   0.174,   0.000,   0.181,   0.034,   0.142,   0.000,   0.026,   0.034,   0.046,   0.000,   0.000,   0.000,   0.097,   0.000,   0.000
   14,   11,   14,    1,  0.516481,   10,   0.000,   0.004,   0.153,   0.017,   0.002,   0.000,   0.017,   0.079,   0.020,   0.093,   0.032,   0.143,   0.038,   0.065,   0.041,   0.051,   0.041,   0.039,   0.016,   0.002,   0.000,   0.000,   0.000,   0.013,   0.010,   0.000,   0.024,   0.003,   0.002,   0.094,   0.000
   15,   11,   15,    1,  0.020341,   10,   0.062,   0.026,   0.073,   0.070,   0.070,   0.011,   0.044,   0.000,   0.106,   0.000,   0.000,   0.000,   0.007,   0.092,   0.007,   0.143,   0.000,   0.000,   0.000,   0.000,   0.062,   0.000,   0.026,   0.011,   0.033,   0.059,   0.000,   0.080,   0.004,   0.015,   0.000
   16,   11,   16,    1,  0.259188,   10,   0.025,   0.000,   0.000,   0.000,   0.022,   0.031,   0.002,   0.000,   0.070,   0.210,   0.019,   0.012,   0.297,   0.002,   0.000,   0.001,   0.000,   0.005,   0.005,   0.000,   0.000,   0.000,   0.204,   0.000,   0.019,   0.002,   0.030,   0.018,   0.014,   0.014,   0.000
   17,   11,   17,    1,  0.193218,   10,   0.007,   0.009,   0.015,   0.007,   0.002,   0.028,   0.007,   0.037,   0.000,   0.000,   0.007,   0.058,   0.000,   0.000,   0.000,   0.038,   0.282,   0.115,   0.080,   0.049,   0.129,   0.012,   0.045,   0.002,   0.029,   0.000,   0.000,   0.015,   0.024,   0.002,   0.000
   18,   11,   18,    1,  0.806025,   10,   0.015,   0.024,   0.002,   0.002,   0.009,   0.028,   0.008,   0.016,   0.033,   0.069,   0.052,   0.019,   0.023,   0.018,   0.011,   0.044,   0.077,   0.186,   0.154,   0.028,   0.000,   0.000,   0.000,   0.000,   0.135,   0.001,   0.042,   0.004,   0.000,   0.000,   0.000
    1,   12,    1,    1,  0.425744,   10,   0.034,   0.037,   0.000,   0.060,   0.003,   0.010,   0.020,   0.010,   0.054,   0.037,   0.017,   0.107,   0.188,   0.017,   0.030,   0.000,   0.027,   0.000,   0.013,   0.000,   0.000,   0.000,   0.000,   0.000,   0.003,   0.013,   0.027,   0.161,   0.050,   0.000,   0.080
    2,   12,    2,    1,  0.155480,   10,   0.000,   0.589,   0.043,   0.000,   0.000,   0.000,   0.000,   0.000,   0.000,   0.000,   0.000,   0.000,   0.000,   0.000,   0.000,   0.000,   0.000,   0.000,   0.106,   0.034,   0.000,   0.000,   0.000,   0.000,   0.000,   0.000,   0.000,   0.000,   0.000,   0.000,   0.228
    3,   12,    3,    1,  0.360381,   10,   0.099,   0.000,   0.000,   0.190,   0.079,   0.025,   0.000,   0.000,   0.000,   0.000,   0.000,   0.124,   0.193,   0.000,   0.050,   0.126,   0.000,   0.000,   0.000,   0.000,   0.000,   0.000,   0.000,   0.000,   0.000,   0.072,   0.031,   0.000,   0.012,   0.000,   0.000
    4,   12,    4,    1,  0.011975,   10,   0.051,   0.020,   0.007,   0.000,   0.000,   0.000,   0.000,   0.178,   0.020,   0.000,   0.000,   0.000,   0.000,   0.060,   0.000,   0.000,   0.050,   0.000,   0.000,   0.000,   0.130,   0.007,   0.000,   0.088,   0.000,   0.000,   0.000,   0.258,   0.031,   0.099,   0.003
    5,   12,    5,    1,  0.369395,   10,   0.026,   0.100,   0.006,   0.057,   0.025,   0.023,   0.003,   0.005,   0.020,   0.000,   0.002,   0.015,   0.010,   0.034,   0.001,   0.003,   0.004,   0.015,   0.001,   0.061,   0.001,   0.012,   0.038,   0.023,   0.004,   0.001,   0.077,   0.062,   0.141,   0.166,   0.066
    6,   12,    6,    1,  0.570826,   10,   0.005,   0.005,   0.003,   0.009,   0.000,   0.000,   0.000,   0.000,   0.000,   0.000,   0.000,   0.000,   0.011,   0.035,   0.024,   0.023,   0.050,   0.064,   0.015,   0.000,   0.002,   0.008,   0.043,   0.054,   0.005,   0.133,   0.109,   0.231,   0.008,   0.140,   0.024
    7,   12,    7,    1,  0.034999,   10,   0.012,   0.000,   0.000,   0.085,   0.004,   0.016,   0.000,   0.000,   0.020,   0.036,   0.065,   0.364,   0.049,   0.036,   0.061,   0.057,   0.020,   0.000,   0.024,   0.020,   0.000,   0.000,   0.024,   0.032,   0.000,   0.012,   0.004,   0.008,   0.032,   0.012,   0.004
    8,   12,    8,    1,  0.735843,   10,   0.000,   0.000,   0.000,   0.000,   0.000,   0.000,   0.055,   0.064,   0.000,   0.120,   0.000,   0.000,   0.229,   0.000,   0.000,   0.000,   0.000,   0.000,   0.000,   0.000,   0.070,   0.014,   0.000,   0.233,   0.000,   0.000,   0.074,   0.000,   0.000,   0.141,   0.000
    9,   12,    9,    1,  0.782323,   10,   0.000,   0.007,   0.007,   0.000,   0.000,   0.000,   0.007,   0.015,   0.015,   0.000,   0.015,   0.000,   0.052,   0.037,   0.007,   0.067,   0.007,   0.105,   0.052,   0.194,   0.060,   0.045,   0.119,   0.000,   0.022,   0.000,   0.000,   0.067,   0.000,   0.097,   0.000
   10,   12,   10,    1,  0.884786,   10,   0.027,   0.000,   0.000,   0.099,   0.009,   0.161,   0.031,   0.009,   0.027,   0.000,   0.000,   0.076,   0.018,   0.067,   0.040,   0.009,   0.081,   0.000,   0.000,   0.000,   0.000,   0.000,   0.000,   0.000,   0.045,   0.175,   0.004,   0.014,   0.018,   0.081,   0.009
   11,   12,   11,    1,  0.235318,   10,   0.051,   0.020,   0.007,   0.000,   0.000,   0.000,   0.000,   0.178,   0.020,   0.000,   0.000,   0.000,   0.000,   0.060,   0.000,   0.000,   0.050,   0.000,   0.000,   0.000,   0.130,   0.007,   0.000,   0.088,   0.000,   0.000,   0.000,   0.258,   0.031,   0.099,   0.003
   12,   12,   12,    1,  0.030734,   10,   0.098,   0.038,   0.082,   0.049,   0.049,   0.000,   0.005,   0.120,   0.000,   0.016,   0.027,   0.000,   0.065,   0.000,   0.038,   0.033,   0.011,   0.011,   0.038,   0.000,   0.000,   0.245,   0.000,   0.011,   0.000,   0.038,   0.000,   0.000,   0.016,   0.005,   0.005
   13,   12,   13,    1,  0.747666,   10,   0.049,   0.021,   0.171,   0.000,   0.000,   0.082,   0.000,   0.022,   0.000,   0.000,   0.000,   0.015,   0.031,   0.017,   0.008,   0.000,   0.025,   0.029,   0.094,   0.012,   0.000,   0.000,   0.000,   0.000,   0.009,   0.079,   0.000,   0.000,   0.020,   0.199,   0.117
   14,   12,   14,    1,  0.104103,   10,   0.000,   0.000,   0.002,   0.054,   0.013,   0.000,   0.001,   0.062,   0.129,   0.089,   0.048,   0.008,   0.000,   0.112,   0.032,   0.028,   0.036,   0.008,   0.023,   0.000,   0.000,   0.009,   0.042,   0.008,   0.023,   0.082,   0.052,   0.091,   0.009,   0.008,   0.029
   15,   12,   15,    1,  0.113924,   10,   0.127,   0.096,   0.042,   0.071,   0.094,   0.026,   0.051,   0.000,   0.063,   0.024,   0.000,   0.021,   0.000,   0.000,   0.000,   0.000,   0.000,   0.000,   0.036,   0.092,   0.000,   0.014,   0.000,   0.000,   0.000,   0.000,   0.000,   0.082,   0.161,   0.000,   0.000
   16,   12,   16,    1,  0.603740,   10,   0.185,   0.037,   0.154,   0.111,   0.071,   0.074,   0.010,   0.003,   0.068,   0.011,   0.002,   0.007,   0.027,   0.007,   0.008,   0.015,   0.037,   0.006,   0.001,   0.001,   0.009,   0.000,   0.001,   0.047,   0.009,   0.065,   0.003,   0.006,   0.006,   0.009,   0.010
   17,   12,   17,    1,  0.214361,   10,   0.000,   0.000,   0.079,   0.000,   0.027,   0.002,   0.046,   0.000,   0.010,   0.061,   0.226,   0.008,   0.068,   0.000,   0.000,   0.119,   0.014,   0.000,   0.000,   0.000,   0.000,   0.092,   0.129,   0.060,   0.009,   0.000,   0.000,   0.046,   0.004,   0.000,   0.000
   18,   12,   18,    1,  0.835094,   10,   0.101,   0.008,   0.008,   0.048,   0.077,   0.000,   0.060,   0.004,   0.008,   0.040,   0.016,   0.020,   0.044,   0.056,   0.000,   0.016,   0.097,   0.089,   0.012,   0.040,   0.008,   0.028,   0.008,   0.020,   0.004,   0.044,   0.028,   0.032,   0.048,   0.024,   0.008
